{"cameraMode":{"drawMode":0,"name":"Shaded","section":"Shading Mode"},"sceneLighting":false,"audioPlay":false,"sceneViewState":{"showFog":true,"showMaterialUpdate":false,"showSkybox":false,"showFlares":true,"showImageEffects":true,"showParticleSystems":true},"in2DMode":false,"pivot":{"x":2.970905303955078,"y":0.8750000596046448,"z":-24.98113250732422},"rotation":{"x":0.020288486033678056,"y":0.7362426519393921,"z":0.022093290463089944,"w":-0.6760530471801758},"size":12.096299171447754,"orthographic":true}