{"cameraMode":{"drawMode":0,"name":"Shaded","section":"Shading Mode"},"sceneLighting":false,"audioPlay":false,"sceneViewState":{"showFog":true,"showMaterialUpdate":false,"showSkybox":false,"showFlares":true,"showImageEffects":true,"showParticleSystems":true},"in2DMode":false,"pivot":{"x":7.393191814422607,"y":2.886406898498535,"z":71.4598159790039},"rotation":{"x":0.020288486033678056,"y":0.7362426519393921,"z":0.022093290463089944,"w":-0.6760530471801758},"size":3.939950704574585,"orthographic":true}