{"cameraMode":{"drawMode":0,"name":"Shaded","section":"Shading Mode"},"sceneLighting":true,"audioPlay":false,"sceneViewState":{"showFog":true,"showMaterialUpdate":false,"showSkybox":false,"showFlares":true,"showImageEffects":true,"showParticleSystems":true},"in2DMode":false,"pivot":{"x":10.802947998046875,"y":-2.482598304748535,"z":20.855220794677736},"rotation":{"x":0.3332277536392212,"y":-0.4930015802383423,"z":0.21183539927005769,"w":0.7753182053565979},"size":3.617093324661255,"orthographic":false}