{"cameraMode":{"drawMode":0,"name":"Shaded","section":"Shading Mode"},"sceneLighting":false,"audioPlay":false,"sceneViewState":{"showFog":true,"showMaterialUpdate":false,"showSkybox":false,"showFlares":true,"showImageEffects":true,"showParticleSystems":true},"in2DMode":false,"pivot":{"x":15.100000381469727,"y":2.5,"z":-1.100000023841858},"rotation":{"x":-0.08542824536561966,"y":0.47723230719566347,"z":-0.04667221009731293,"w":-0.8733753561973572},"size":5.677535057067871,"orthographic":true}