{"cameraMode":{"drawMode":0,"name":"Shaded","section":"Shading Mode"},"sceneLighting":false,"audioPlay":false,"sceneViewState":{"showFog":true,"showMaterialUpdate":false,"showSkybox":false,"showFlares":true,"showImageEffects":true,"showParticleSystems":true},"in2DMode":false,"pivot":{"x":1.0569086074829102,"y":0.0,"z":3.270352363586426},"rotation":{"x":-0.023566681891679765,"y":-0.8465214967727661,"z":0.5305016040802002,"w":-0.03760484978556633},"size":3.549394130706787,"orthographic":false}