{"cameraMode":{"drawMode":0,"name":"Shaded","section":"Shading Mode"},"sceneLighting":false,"audioPlay":false,"sceneViewState":{"showFog":true,"showMaterialUpdate":false,"showSkybox":false,"showFlares":true,"showImageEffects":true,"showParticleSystems":true},"in2DMode":false,"pivot":{"x":38.72213363647461,"y":-3.904375209311546e-17,"z":17.583742141723634},"rotation":{"x":0.5261492729187012,"y":0.08767691999673844,"z":-0.054651759564876559,"w":0.8440929651260376},"size":22.0,"orthographic":false}