{"cameraMode":{"drawMode":0,"name":"Shaded","section":"Shading Mode"},"sceneLighting":false,"audioPlay":false,"sceneViewState":{"showFog":true,"showMaterialUpdate":false,"showSkybox":true,"showFlares":true,"showImageEffects":true,"showParticleSystems":true},"in2DMode":false,"pivot":{"x":1.0161830186843873,"y":-2.0300676822662355,"z":3.2599258422851564},"rotation":{"x":0.452041894197464,"y":-0.533829391002655,"z":0.4145727753639221,"w":0.5820772051811218},"size":20.863964080810548,"orthographic":false}