{"cameraMode":{"drawMode":0,"name":"Shaded","section":"Shading Mode"},"sceneLighting":false,"audioPlay":false,"sceneViewState":{"showFog":true,"showMaterialUpdate":false,"showSkybox":false,"showFlares":true,"showImageEffects":true,"showParticleSystems":true},"in2DMode":false,"pivot":{"x":37.36330795288086,"y":0.0,"z":17.057920455932618},"rotation":{"x":-0.023566681891679765,"y":-0.8465214967727661,"z":0.5305016040802002,"w":-0.03760484978556633},"size":20.005186080932618,"orthographic":false}