{"cameraMode":{"drawMode":0,"name":"Shaded","section":"Shading Mode"},"sceneLighting":false,"audioPlay":false,"sceneViewState":{"showFog":true,"showMaterialUpdate":false,"showSkybox":false,"showFlares":true,"showImageEffects":true,"showParticleSystems":true},"in2DMode":false,"pivot":{"x":303.1645202636719,"y":170.7672119140625,"z":0.0},"rotation":{"x":0.05825026333332062,"y":0.28924983739852908,"z":-0.01763392984867096,"w":0.9553263187408447},"size":32.214012145996097,"orthographic":false}