{"cameraMode":{"drawMode":0,"name":"Shaded","section":"Shading Mode"},"sceneLighting":false,"audioPlay":false,"sceneViewState":{"showFog":true,"showMaterialUpdate":false,"showSkybox":true,"showFlares":true,"showImageEffects":true,"showParticleSystems":true},"in2DMode":false,"pivot":{"x":0.0,"y":0.1741650104522705,"z":0.14283490180969239},"rotation":{"x":0.009651240892708302,"y":-0.9896346926689148,"z":0.08064451813697815,"w":0.11843346059322357},"size":5.991473197937012,"orthographic":false}