{"cameraMode":{"drawMode":0,"name":"Shaded","section":"Shading Mode"},"sceneLighting":false,"audioPlay":false,"sceneViewState":{"showFog":true,"showMaterialUpdate":false,"showSkybox":true,"showFlares":true,"showImageEffects":true,"showParticleSystems":true},"in2DMode":false,"pivot":{"x":0.3776822090148926,"y":-0.26399993896484377,"z":0.7290000915527344},"rotation":{"x":0.6421509981155396,"y":-0.31725767254829409,"z":0.33186620473861697,"w":0.6138847470283508},"size":20.005186080932618,"orthographic":true}