{"cameraMode":{"drawMode":0,"name":"Shaded","section":"Shading Mode"},"sceneLighting":false,"audioPlay":false,"sceneViewState":{"showFog":true,"showMaterialUpdate":false,"showSkybox":true,"showFlares":true,"showImageEffects":true,"showParticleSystems":true},"in2DMode":false,"pivot":{"x":-2.7720494270324709,"y":-1.1032090187072755,"z":0.3910316824913025},"rotation":{"x":0.06477878242731095,"y":-0.7259508967399597,"z":0.06903384625911713,"w":0.6812018156051636},"size":5.947760581970215,"orthographic":false}